source	destination
0.svg	projects/our_multiregion_motif/outputs/figures/0.svg
1.hierarchical_clustering_dendrogram.svg	projects/our_multiregion_motif/outputs/figures/1.hierarchical_clustering_dendrogram.svg
10.motif_01_violin.svg	projects/our_multiregion_motif/outputs/figures/10.motif_01_violin.svg
10.motif_02_violin.svg	projects/our_multiregion_motif/outputs/figures/10.motif_02_violin.svg
10.motif_03_violin.svg	projects/our_multiregion_motif/outputs/figures/10.motif_03_violin.svg
10.motif_04_violin.svg	projects/our_multiregion_motif/outputs/figures/10.motif_04_violin.svg
10.motif_05_violin.svg	projects/our_multiregion_motif/outputs/figures/10.motif_05_violin.svg
10.motif_06_violin.svg	projects/our_multiregion_motif/outputs/figures/10.motif_06_violin.svg
10.motif_07_violin.svg	projects/our_multiregion_motif/outputs/figures/10.motif_07_violin.svg
10.motif_08_violin.svg	projects/our_multiregion_motif/outputs/figures/10.motif_08_violin.svg
10.motif_09_violin.svg	projects/our_multiregion_motif/outputs/figures/10.motif_09_violin.svg
10.motif_10_violin.svg	projects/our_multiregion_motif/outputs/figures/10.motif_10_violin.svg
10.motif_11_violin.svg	projects/our_multiregion_motif/outputs/figures/10.motif_11_violin.svg
10.motif_12_violin.svg	projects/our_multiregion_motif/outputs/figures/10.motif_12_violin.svg
10.motif_13_violin.svg	projects/our_multiregion_motif/outputs/figures/10.motif_13_violin.svg
2.umap_brain_regions.svg	projects/our_multiregion_motif/outputs/figures/2.umap_brain_regions.svg
23587.140 21.svg4 .svg	projects/our_multiregion_motif/outputs/figures/23587.140 21.svg4 .svg
3.nz_score_heatmap.svg	projects/our_multiregion_motif/outputs/figures/3.nz_score_heatmap.svg
4.cosine_similarity_matrix.svg	projects/our_multiregion_motif/outputs/figures/4.cosine_similarity_matrix.svg
4.cosine_similarity_matrix_Blues.svg	projects/our_multiregion_motif/outputs/figures/4.cosine_similarity_matrix_Blues.svg
4.cosine_similarity_matrix_BrBG.svg	projects/our_multiregion_motif/outputs/figures/4.cosine_similarity_matrix_BrBG.svg
4.cosine_similarity_matrix_BuPu.svg	projects/our_multiregion_motif/outputs/figures/4.cosine_similarity_matrix_BuPu.svg
4.cosine_similarity_matrix_Greens.svg	projects/our_multiregion_motif/outputs/figures/4.cosine_similarity_matrix_Greens.svg
4.cosine_similarity_matrix_Greys.svg	projects/our_multiregion_motif/outputs/figures/4.cosine_similarity_matrix_Greys.svg
4.cosine_similarity_matrix_OrRd.svg	projects/our_multiregion_motif/outputs/figures/4.cosine_similarity_matrix_OrRd.svg
4.cosine_similarity_matrix_PuBuGn.svg	projects/our_multiregion_motif/outputs/figures/4.cosine_similarity_matrix_PuBuGn.svg
4.cosine_similarity_matrix_PuOr.svg	projects/our_multiregion_motif/outputs/figures/4.cosine_similarity_matrix_PuOr.svg
4.cosine_similarity_matrix_Purples.svg	projects/our_multiregion_motif/outputs/figures/4.cosine_similarity_matrix_Purples.svg
4.cosine_similarity_matrix_RdBu_r.svg	projects/our_multiregion_motif/outputs/figures/4.cosine_similarity_matrix_RdBu_r.svg
4.cosine_similarity_matrix_YlGnBu.svg	projects/our_multiregion_motif/outputs/figures/4.cosine_similarity_matrix_YlGnBu.svg
4.cosine_similarity_matrix_YlOrBr.svg	projects/our_multiregion_motif/outputs/figures/4.cosine_similarity_matrix_YlOrBr.svg
4.cosine_similarity_matrix_afmhot.svg	projects/our_multiregion_motif/outputs/figures/4.cosine_similarity_matrix_afmhot.svg
4.cosine_similarity_matrix_bone.svg	projects/our_multiregion_motif/outputs/figures/4.cosine_similarity_matrix_bone.svg
4.cosine_similarity_matrix_cividis.svg	projects/our_multiregion_motif/outputs/figures/4.cosine_similarity_matrix_cividis.svg
4.cosine_similarity_matrix_coolwarm.svg	projects/our_multiregion_motif/outputs/figures/4.cosine_similarity_matrix_coolwarm.svg
4.cosine_similarity_matrix_cubehelix.svg	projects/our_multiregion_motif/outputs/figures/4.cosine_similarity_matrix_cubehelix.svg
4.cosine_similarity_matrix_gist_heat.svg	projects/our_multiregion_motif/outputs/figures/4.cosine_similarity_matrix_gist_heat.svg
4.cosine_similarity_matrix_hot.svg	projects/our_multiregion_motif/outputs/figures/4.cosine_similarity_matrix_hot.svg
4.cosine_similarity_matrix_inferno.svg	projects/our_multiregion_motif/outputs/figures/4.cosine_similarity_matrix_inferno.svg
4.cosine_similarity_matrix_inferno_副本.svg	projects/our_multiregion_motif/outputs/figures/4.cosine_similarity_matrix_inferno_副本.svg
4.cosine_similarity_matrix_magma.svg	projects/our_multiregion_motif/outputs/figures/4.cosine_similarity_matrix_magma.svg
4.cosine_similarity_matrix_plasma.svg	projects/our_multiregion_motif/outputs/figures/4.cosine_similarity_matrix_plasma.svg
4.cosine_similarity_matrix_turbo.svg	projects/our_multiregion_motif/outputs/figures/4.cosine_similarity_matrix_turbo.svg
4.cosine_similarity_matrix_viridis.svg	projects/our_multiregion_motif/outputs/figures/4.cosine_similarity_matrix_viridis.svg
5.motif10_NZ_violin_clusters_with_outliers.svg	projects/our_multiregion_motif/outputs/figures/5.motif10_NZ_violin_clusters_with_outliers.svg
5.motif10_NZ_violin_clusters_with_outliers_MWU.svg	projects/our_multiregion_motif/outputs/figures/5.motif10_NZ_violin_clusters_with_outliers_MWU.svg
5.motif10_NZ_violin_clusters_with_outliers_ttest.svg	projects/our_multiregion_motif/outputs/figures/5.motif10_NZ_violin_clusters_with_outliers_ttest.svg
5.motif11_NZ_violin_clusters_with_outliers.svg	projects/our_multiregion_motif/outputs/figures/5.motif11_NZ_violin_clusters_with_outliers.svg
5.motif11_NZ_violin_clusters_with_outliers_MWU.svg	projects/our_multiregion_motif/outputs/figures/5.motif11_NZ_violin_clusters_with_outliers_MWU.svg
5.motif11_NZ_violin_clusters_with_outliers_ttest.svg	projects/our_multiregion_motif/outputs/figures/5.motif11_NZ_violin_clusters_with_outliers_ttest.svg
5.motif12_NZ_violin_clusters_with_outliers.svg	projects/our_multiregion_motif/outputs/figures/5.motif12_NZ_violin_clusters_with_outliers.svg
5.motif12_NZ_violin_clusters_with_outliers_MWU.svg	projects/our_multiregion_motif/outputs/figures/5.motif12_NZ_violin_clusters_with_outliers_MWU.svg
5.motif12_NZ_violin_clusters_with_outliers_ttest.svg	projects/our_multiregion_motif/outputs/figures/5.motif12_NZ_violin_clusters_with_outliers_ttest.svg
5.motif13_NZ_violin_clusters_with_outliers.svg	projects/our_multiregion_motif/outputs/figures/5.motif13_NZ_violin_clusters_with_outliers.svg
5.motif13_NZ_violin_clusters_with_outliers_MWU.svg	projects/our_multiregion_motif/outputs/figures/5.motif13_NZ_violin_clusters_with_outliers_MWU.svg
5.motif13_NZ_violin_clusters_with_outliers_ttest.svg	projects/our_multiregion_motif/outputs/figures/5.motif13_NZ_violin_clusters_with_outliers_ttest.svg
5.motif1_NZ_violin_clusters_with_outliers.svg	projects/our_multiregion_motif/outputs/figures/5.motif1_NZ_violin_clusters_with_outliers.svg
5.motif1_NZ_violin_clusters_with_outliers_MWU.svg	projects/our_multiregion_motif/outputs/figures/5.motif1_NZ_violin_clusters_with_outliers_MWU.svg
5.motif1_NZ_violin_clusters_with_outliers_ttest.svg	projects/our_multiregion_motif/outputs/figures/5.motif1_NZ_violin_clusters_with_outliers_ttest.svg
5.motif2_NZ_violin_clusters_with_outliers.svg	projects/our_multiregion_motif/outputs/figures/5.motif2_NZ_violin_clusters_with_outliers.svg
5.motif2_NZ_violin_clusters_with_outliers_MWU.svg	projects/our_multiregion_motif/outputs/figures/5.motif2_NZ_violin_clusters_with_outliers_MWU.svg
5.motif2_NZ_violin_clusters_with_outliers_ttest.svg	projects/our_multiregion_motif/outputs/figures/5.motif2_NZ_violin_clusters_with_outliers_ttest.svg
5.motif3_NZ_violin_clusters_with_outliers.svg	projects/our_multiregion_motif/outputs/figures/5.motif3_NZ_violin_clusters_with_outliers.svg
5.motif3_NZ_violin_clusters_with_outliers_MWU.svg	projects/our_multiregion_motif/outputs/figures/5.motif3_NZ_violin_clusters_with_outliers_MWU.svg
5.motif3_NZ_violin_clusters_with_outliers_ttest.svg	projects/our_multiregion_motif/outputs/figures/5.motif3_NZ_violin_clusters_with_outliers_ttest.svg
5.motif4_NZ_violin_clusters_with_outliers.svg	projects/our_multiregion_motif/outputs/figures/5.motif4_NZ_violin_clusters_with_outliers.svg
5.motif4_NZ_violin_clusters_with_outliers_MWU.svg	projects/our_multiregion_motif/outputs/figures/5.motif4_NZ_violin_clusters_with_outliers_MWU.svg
5.motif4_NZ_violin_clusters_with_outliers_ttest.svg	projects/our_multiregion_motif/outputs/figures/5.motif4_NZ_violin_clusters_with_outliers_ttest.svg
5.motif5_NZ_violin_clusters_with_outliers.svg	projects/our_multiregion_motif/outputs/figures/5.motif5_NZ_violin_clusters_with_outliers.svg
5.motif5_NZ_violin_clusters_with_outliers_MWU.svg	projects/our_multiregion_motif/outputs/figures/5.motif5_NZ_violin_clusters_with_outliers_MWU.svg
5.motif5_NZ_violin_clusters_with_outliers_ttest.svg	projects/our_multiregion_motif/outputs/figures/5.motif5_NZ_violin_clusters_with_outliers_ttest.svg
5.motif6_NZ_violin_clusters_with_outliers.svg	projects/our_multiregion_motif/outputs/figures/5.motif6_NZ_violin_clusters_with_outliers.svg
5.motif6_NZ_violin_clusters_with_outliers_MWU.svg	projects/our_multiregion_motif/outputs/figures/5.motif6_NZ_violin_clusters_with_outliers_MWU.svg
5.motif6_NZ_violin_clusters_with_outliers_ttest.svg	projects/our_multiregion_motif/outputs/figures/5.motif6_NZ_violin_clusters_with_outliers_ttest.svg
5.motif7_NZ_violin_clusters_with_outliers.svg	projects/our_multiregion_motif/outputs/figures/5.motif7_NZ_violin_clusters_with_outliers.svg
5.motif7_NZ_violin_clusters_with_outliers_MWU.svg	projects/our_multiregion_motif/outputs/figures/5.motif7_NZ_violin_clusters_with_outliers_MWU.svg
5.motif7_NZ_violin_clusters_with_outliers_ttest.svg	projects/our_multiregion_motif/outputs/figures/5.motif7_NZ_violin_clusters_with_outliers_ttest.svg
5.motif8_NZ_violin_clusters_with_outliers.svg	projects/our_multiregion_motif/outputs/figures/5.motif8_NZ_violin_clusters_with_outliers.svg
5.motif8_NZ_violin_clusters_with_outliers_MWU.svg	projects/our_multiregion_motif/outputs/figures/5.motif8_NZ_violin_clusters_with_outliers_MWU.svg
5.motif8_NZ_violin_clusters_with_outliers_ttest.svg	projects/our_multiregion_motif/outputs/figures/5.motif8_NZ_violin_clusters_with_outliers_ttest.svg
5.motif9_NZ_violin_clusters_with_outliers.svg	projects/our_multiregion_motif/outputs/figures/5.motif9_NZ_violin_clusters_with_outliers.svg
5.motif9_NZ_violin_clusters_with_outliers_MWU.svg	projects/our_multiregion_motif/outputs/figures/5.motif9_NZ_violin_clusters_with_outliers_MWU.svg
5.motif9_NZ_violin_clusters_with_outliers_ttest.svg	projects/our_multiregion_motif/outputs/figures/5.motif9_NZ_violin_clusters_with_outliers_ttest.svg
6.MOp_motif_ES_vs_param.svg	projects/our_multiregion_motif/outputs/figures/6.MOp_motif_ES_vs_param.svg
6.MOp_motif_NZ_ER_vs_param.svg	projects/our_multiregion_motif/outputs/figures/6.MOp_motif_NZ_ER_vs_param.svg
6.MOp_motif_NZ_vs_param.svg	projects/our_multiregion_motif/outputs/figures/6.MOp_motif_NZ_vs_param.svg
6.MOp_motif_frequency_vs_param.svg	projects/our_multiregion_motif/outputs/figures/6.MOp_motif_frequency_vs_param.svg
7.wb_motif_NZ_param_10um.svg	projects/our_multiregion_motif/outputs/figures/7.wb_motif_NZ_param_10um.svg
7.wb_motif_NZ_param_15um.svg	projects/our_multiregion_motif/outputs/figures/7.wb_motif_NZ_param_15um.svg
7.wb_motif_NZ_param_1um.svg	projects/our_multiregion_motif/outputs/figures/7.wb_motif_NZ_param_1um.svg
7.wb_motif_NZ_param_20um.svg	projects/our_multiregion_motif/outputs/figures/7.wb_motif_NZ_param_20um.svg
7.wb_motif_NZ_param_3um.svg	projects/our_multiregion_motif/outputs/figures/7.wb_motif_NZ_param_3um.svg
7.wb_motif_NZ_param_5um.svg	projects/our_multiregion_motif/outputs/figures/7.wb_motif_NZ_param_5um.svg
7.wb_motif_log_NZ_param_10um.svg	projects/our_multiregion_motif/outputs/figures/7.wb_motif_log_NZ_param_10um.svg
7.wb_motif_log_NZ_param_15um.svg	projects/our_multiregion_motif/outputs/figures/7.wb_motif_log_NZ_param_15um.svg
7.wb_motif_log_NZ_param_1um.svg	projects/our_multiregion_motif/outputs/figures/7.wb_motif_log_NZ_param_1um.svg
7.wb_motif_log_NZ_param_20um.svg	projects/our_multiregion_motif/outputs/figures/7.wb_motif_log_NZ_param_20um.svg
7.wb_motif_log_NZ_param_3um.svg	projects/our_multiregion_motif/outputs/figures/7.wb_motif_log_NZ_param_3um.svg
7.wb_motif_log_NZ_param_5um.svg	projects/our_multiregion_motif/outputs/figures/7.wb_motif_log_NZ_param_5um.svg
8.MOp_motif_ES_vs_strength.svg	projects/our_multiregion_motif/outputs/figures/8.MOp_motif_ES_vs_strength.svg
8.MOp_motif_NZ_vs_strength.svg	projects/our_multiregion_motif/outputs/figures/8.MOp_motif_NZ_vs_strength.svg
8.MOp_motif_frequency_vs_strength.svg	projects/our_multiregion_motif/outputs/figures/8.MOp_motif_frequency_vs_strength.svg
8.NZ_4panels_FRP_CA1_MOp_AUDp_thr0.1_param5.svg	projects/our_multiregion_motif/outputs/figures/8.NZ_4panels_FRP_CA1_MOp_AUDp_thr0.1_param5.svg
8.NZ_regions_FRP_CA1_MOp_AUDp_thr0.1_param5.svg	projects/our_multiregion_motif/outputs/figures/8.NZ_regions_FRP_CA1_MOp_AUDp_thr0.1_param5.svg
8.NZ_regions_FRP_DG_MOp_AUDp_thr0.1_param5.svg	projects/our_multiregion_motif/outputs/figures/8.NZ_regions_FRP_DG_MOp_AUDp_thr0.1_param5.svg
9.wb_motif_NZ_strength_0.1.svg	projects/our_multiregion_motif/outputs/figures/9.wb_motif_NZ_strength_0.1.svg
9.wb_motif_NZ_strength_0.2.svg	projects/our_multiregion_motif/outputs/figures/9.wb_motif_NZ_strength_0.2.svg
9.wb_motif_NZ_strength_0.3.svg	projects/our_multiregion_motif/outputs/figures/9.wb_motif_NZ_strength_0.3.svg
9.wb_motif_NZ_strength_0.4.svg	projects/our_multiregion_motif/outputs/figures/9.wb_motif_NZ_strength_0.4.svg
9.wb_motif_NZ_strength_0.svg	projects/our_multiregion_motif/outputs/figures/9.wb_motif_NZ_strength_0.svg
9.wb_motif_log_NZ_strength_0.1.svg	projects/our_multiregion_motif/outputs/figures/9.wb_motif_log_NZ_strength_0.1.svg
9.wb_motif_log_NZ_strength_0.2.svg	projects/our_multiregion_motif/outputs/figures/9.wb_motif_log_NZ_strength_0.2.svg
9.wb_motif_log_NZ_strength_0.3.svg	projects/our_multiregion_motif/outputs/figures/9.wb_motif_log_NZ_strength_0.3.svg
9.wb_motif_log_NZ_strength_0.4.svg	projects/our_multiregion_motif/outputs/figures/9.wb_motif_log_NZ_strength_0.4.svg
9.wb_motif_log_NZ_strength_0.svg	projects/our_multiregion_motif/outputs/figures/9.wb_motif_log_NZ_strength_0.svg
9.wb_motif_log_NZ_strength_0_副本.svg	projects/our_multiregion_motif/outputs/figures/9.wb_motif_log_NZ_strength_0_副本.svg
Clone_real_vs_ER_M7-13.svg	projects/clone_motif/outputs/figures/Clone_real_vs_ER_M7-13.svg
Connection strength (log1p,200neurons).svg	projects/our_multiregion_motif/outputs/figures/Connection strength (log1p,200neurons).svg
Connection strength (log1p,900neurons).svg	projects/our_multiregion_motif/outputs/figures/Connection strength (log1p,900neurons).svg
Connection strength all(log1p,200neurons).svg	projects/our_multiregion_motif/outputs/figures/Connection strength all(log1p,200neurons).svg
Connection strength all(log1p,900neurons).svg	projects/our_multiregion_motif/outputs/figures/Connection strength all(log1p,900neurons).svg
Connection strength(log1p,200neurons).svg	projects/our_multiregion_motif/outputs/figures/Connection strength(log1p,200neurons).svg
Connection strength(log1p,900neurons).svg	projects/our_multiregion_motif/outputs/figures/Connection strength(log1p,900neurons).svg
FRP_MOp_motif_bars.svg	projects/our_multiregion_motif/outputs/figures/FRP_MOp_motif_bars.svg
FRP_minus_MOp_motif_diff_line.svg	projects/our_multiregion_motif/outputs/figures/FRP_minus_MOp_motif_diff_line.svg
FRP_motif_bars_singlecolor.svg	projects/our_multiregion_motif/outputs/figures/FRP_motif_bars_singlecolor.svg
Fig s1a_10um.svg	projects/our_multiregion_motif/outputs/figures/Fig s1a_10um.svg
Fig s1a_15um.svg	projects/our_multiregion_motif/outputs/figures/Fig s1a_15um.svg
Fig s1a_1um.svg	projects/our_multiregion_motif/outputs/figures/Fig s1a_1um.svg
Fig s1a_20um.svg	projects/our_multiregion_motif/outputs/figures/Fig s1a_20um.svg
Fig s1a_3um.svg	projects/our_multiregion_motif/outputs/figures/Fig s1a_3um.svg
Fig s1a_5um.svg	projects/our_multiregion_motif/outputs/figures/Fig s1a_5um.svg
Fig s1b_param_vs_5um_thr01.svg	projects/our_multiregion_motif/outputs/figures/Fig s1b_param_vs_5um_thr01.svg
Fig s2a_sample20.svg	projects/our_multiregion_motif/outputs/figures/Fig s2a_sample20.svg
Fig s2a_sample40.svg	projects/our_multiregion_motif/outputs/figures/Fig s2a_sample40.svg
Fig s2a_sample60.svg	projects/our_multiregion_motif/outputs/figures/Fig s2a_sample60.svg
Fig s2a_sample80.svg	projects/our_multiregion_motif/outputs/figures/Fig s2a_sample80.svg
Fig s4b.svg	projects/our_multiregion_motif/outputs/figures/Fig s4b.svg
Fig s5a_0.1.svg	projects/our_multiregion_motif/outputs/figures/Fig s5a_0.1.svg
Fig s5a_0.2.svg	projects/our_multiregion_motif/outputs/figures/Fig s5a_0.2.svg
Fig s5a_0.3.svg	projects/our_multiregion_motif/outputs/figures/Fig s5a_0.3.svg
Fig s5a_0.4.svg	projects/our_multiregion_motif/outputs/figures/Fig s5a_0.4.svg
Fig s5a_0.svg	projects/our_multiregion_motif/outputs/figures/Fig s5a_0.svg
Fig s5b.svg	projects/our_multiregion_motif/outputs/figures/Fig s5b.svg
Fig_param10_thr_vs0_scatter_r.svg	projects/our_multiregion_motif/outputs/figures/Fig_param10_thr_vs0_scatter_r.svg
Fig_param15_thr_vs0_scatter_r.svg	projects/our_multiregion_motif/outputs/figures/Fig_param15_thr_vs0_scatter_r.svg
Fig_param1_thr_vs0_scatter_r.svg	projects/our_multiregion_motif/outputs/figures/Fig_param1_thr_vs0_scatter_r.svg
Fig_param3_thr_vs0_scatter_r.svg	projects/our_multiregion_motif/outputs/figures/Fig_param3_thr_vs0_scatter_r.svg
Fig_param5_thrPair_scatter_r_grid.svg	projects/our_multiregion_motif/outputs/figures/Fig_param5_thrPair_scatter_r_grid.svg
Fig_param5_thr_vs0_scatter_r.svg	projects/our_multiregion_motif/outputs/figures/Fig_param5_thr_vs0_scatter_r.svg
ION_real_vs_ER_M7-13.svg	projects/clone_motif/outputs/figures/ION_real_vs_ER_M7-13.svg
MOp_ALL_clones_NZ_ER_2-5um.csv	projects/clone_motif/data/raw/MOp_ALL_clones_NZ_ER_2-5um.csv
MOp_ALL_clones_NZ_ER_5um.csv	projects/clone_motif/data/raw/MOp_ALL_clones_NZ_ER_5um.csv
MOp_NZ_clone_vs_ION.svg	projects/clone_motif/outputs/figures/MOp_NZ_clone_vs_ION.svg
MOp_all_clones_topology.png	projects/clone_motif/outputs/figures/MOp_all_clones_topology.png
MOp_clone-to-clone_connectivity.svg	projects/clone_motif/outputs/figures/MOp_clone-to-clone_connectivity.svg
MOp_motif_ES_vs_param.svg	projects/our_multiregion_motif/outputs/figures/MOp_motif_ES_vs_param.svg
MOp_motif_NZ_ER_vs_param.svg	projects/our_multiregion_motif/outputs/figures/MOp_motif_NZ_ER_vs_param.svg
MOp_motif_bars_singlecolor.svg	projects/our_multiregion_motif/outputs/figures/MOp_motif_bars_singlecolor.svg
MOp_motif_frequency_vs_param.svg	projects/our_multiregion_motif/outputs/figures/MOp_motif_frequency_vs_param.svg
MOp_sc.npy	projects/our_multiregion_motif/data/raw/MOp_sc.npy
MOp_sc.svg	projects/our_multiregion_motif/outputs/figures/MOp_sc.svg
MOp_sc_SymLogNorm.svg	projects/our_multiregion_motif/outputs/figures/MOp_sc_SymLogNorm.svg
MOs_all_clones_topology.png	projects/clone_motif/outputs/figures/MOs_all_clones_topology.png
MOs_clone-to-clone_connectivity.svg	projects/clone_motif/outputs/figures/MOs_clone-to-clone_connectivity.svg
Metadata_PFC_MOp.csv	projects/our_multiregion_motif/data/raw/Metadata_PFC_MOp.csv
NZ_scatter_pruning_vs_unpruned_4panels.svg	projects/our_multiregion_motif/outputs/figures/NZ_scatter_pruning_vs_unpruned_4panels.svg
PFC_all_clones_topology.png	projects/clone_motif/outputs/figures/PFC_all_clones_topology.png
PFC_clone-to-clone_connectivity.svg	projects/clone_motif/outputs/figures/PFC_clone-to-clone_connectivity.svg
all_neurons_new_with_soma.json	projects/our_multiregion_motif/data/raw/all_neurons_new_with_soma.json
cloneAgg_between_Motif1.svg	projects/clone_motif/outputs/figures/cloneAgg_between_Motif1.svg
cloneAgg_between_Motif10-13.svg	projects/clone_motif/outputs/figures/cloneAgg_between_Motif10-13.svg
cloneAgg_between_Motif2-5.svg	projects/clone_motif/outputs/figures/cloneAgg_between_Motif2-5.svg
cloneAgg_between_Motif6-9.svg	projects/clone_motif/outputs/figures/cloneAgg_between_Motif6-9.svg
cloneWithin_between_Motif1.svg	projects/clone_motif/outputs/figures/cloneWithin_between_Motif1.svg
cloneWithin_between_Motif10-13.svg	projects/clone_motif/outputs/figures/cloneWithin_between_Motif10-13.svg
cloneWithin_between_Motif2-5.svg	projects/clone_motif/outputs/figures/cloneWithin_between_Motif2-5.svg
cloneWithin_between_Motif6-9.svg	projects/clone_motif/outputs/figures/cloneWithin_between_Motif6-9.svg
clone_graph_clone_node_metrics.csv	projects/clone_motif/data/raw/clone_graph_clone_node_metrics.csv
clone_graph_edge_density.svg	projects/clone_motif/outputs/figures/clone_graph_edge_density.svg
clone_graph_mean_edge_weight.svg	projects/clone_motif/outputs/figures/clone_graph_mean_edge_weight.svg
clone_graph_region_summary.csv	projects/clone_motif/data/raw/clone_graph_region_summary.csv
clone_layer_degree_stats.csv	projects/clone_motif/data/raw/clone_layer_degree_stats.csv
clone_motif_layer_all_in_one.csv	projects/clone_motif/data/raw/clone_motif_layer_all_in_one.csv
clone_motif_layer_all_in_one_2-5um.csv	projects/clone_motif/data/raw/clone_motif_layer_all_in_one_2-5um.csv
clone_motif_layer_all_in_one_2-5um.xlsx	projects/clone_motif/data/raw/clone_motif_layer_all_in_one_2-5um.xlsx
clone_motif_layer_all_in_one_2-5um_noZ_withCn3.csv	projects/clone_motif/data/raw/clone_motif_layer_all_in_one_2-5um_noZ_withCn3.csv
clone_motif_layer_all_in_one_2um.csv	projects/clone_motif/data/raw/clone_motif_layer_all_in_one_2um.csv
clone_motif_n_e.csv	projects/clone_motif/data/raw/clone_motif_n_e.csv
clone_motif_n_e_sparsity.csv	projects/clone_motif/data/raw/clone_motif_n_e_sparsity.csv
clone_motif_real_counts.csv	projects/clone_motif/data/raw/clone_motif_real_counts.csv
clone_motif_z_scores.csv	projects/clone_motif/data/raw/clone_motif_z_scores.csv
cluster_motif_bar_all_regions.svg	projects/our_multiregion_motif/outputs/figures/cluster_motif_bar_all_regions.svg
cluster_neuron_summary.csv	projects/our_multiregion_motif/data/raw/cluster_neuron_summary.csv
corr_pruning_M1to12.svg	projects/our_multiregion_motif/outputs/figures/corr_pruning_M1to12.svg
corr_pruning_all13.svg	projects/our_multiregion_motif/outputs/figures/corr_pruning_all13.svg
corr_to_unpruned_curve.svg	projects/our_multiregion_motif/outputs/figures/corr_to_unpruned_curve.svg
example_clone_MOp-111404-3_topology.png	projects/clone_motif/outputs/figures/example_clone_MOp-111404-3_topology.png
example_clone_MOs-221021-1_topology.png	projects/clone_motif/outputs/figures/example_clone_MOs-221021-1_topology.png
example_clone_MOs-233374-4_topology.png	projects/clone_motif/outputs/figures/example_clone_MOs-233374-4_topology.png
example_clone_MOs-233374-4_topology.svg	projects/clone_motif/outputs/figures/example_clone_MOs-233374-4_topology.svg
example_clone_SSp-230024-1_topology.png	projects/clone_motif/outputs/figures/example_clone_SSp-230024-1_topology.png
example_two_clones_ACA-062301-1_vs_ACA-070301-2.png	projects/clone_motif/outputs/figures/example_two_clones_ACA-062301-1_vs_ACA-070301-2.png
example_two_clones_ACA-062301-1_vs_ACA-070301-2.svg	projects/clone_motif/outputs/figures/example_two_clones_ACA-062301-1_vs_ACA-070301-2.svg
example_two_clones_ACA-062301-1_vs_ACA-070301-2_highlight.png	projects/clone_motif/outputs/figures/example_two_clones_ACA-062301-1_vs_ACA-070301-2_highlight.png
example_two_clones_ACA-062301-1_vs_ACA-070301-2_highlight.svg	projects/clone_motif/outputs/figures/example_two_clones_ACA-062301-1_vs_ACA-070301-2_highlight.svg
example_two_clones_MOs-233374-4_vs_MOs-052601-1.png	projects/clone_motif/outputs/figures/example_two_clones_MOs-233374-4_vs_MOs-052601-1.png
group_stats_layer_deg_mean_var.csv	projects/our_multiregion_motif/data/raw/group_stats_layer_deg_mean_var.csv
group_stats_motif_per_cn3_mean_var.csv	projects/our_multiregion_motif/data/raw/group_stats_motif_per_cn3_mean_var.csv
heatmap.zip	projects/our_multiregion_motif/outputs/archives/heatmap.zip
hierarchical_clustering_dendrogram.svg	projects/our_multiregion_motif/outputs/figures/hierarchical_clustering_dendrogram.svg
motif-violin.zip	projects/our_multiregion_motif/outputs/archives/motif-violin.zip
motif_01_box_ttest.png	projects/our_multiregion_motif/outputs/figures/motif_01_box_ttest.png
motif_01_violin.svg	projects/our_multiregion_motif/outputs/figures/motif_01_violin.svg
motif_01_violin_0303.svg	projects/our_multiregion_motif/outputs/figures/motif_01_violin_0303.svg
motif_02_box_ttest.png	projects/our_multiregion_motif/outputs/figures/motif_02_box_ttest.png
motif_02_violin.svg	projects/our_multiregion_motif/outputs/figures/motif_02_violin.svg
motif_02_violin_0303.svg	projects/our_multiregion_motif/outputs/figures/motif_02_violin_0303.svg
motif_03_box_ttest.png	projects/our_multiregion_motif/outputs/figures/motif_03_box_ttest.png
motif_03_violin.svg	projects/our_multiregion_motif/outputs/figures/motif_03_violin.svg
motif_03_violin_0303.svg	projects/our_multiregion_motif/outputs/figures/motif_03_violin_0303.svg
motif_04_box_ttest.png	projects/our_multiregion_motif/outputs/figures/motif_04_box_ttest.png
motif_04_violin.svg	projects/our_multiregion_motif/outputs/figures/motif_04_violin.svg
motif_04_violin_0303.svg	projects/our_multiregion_motif/outputs/figures/motif_04_violin_0303.svg
motif_05_box_ttest.png	projects/our_multiregion_motif/outputs/figures/motif_05_box_ttest.png
motif_05_violin.svg	projects/our_multiregion_motif/outputs/figures/motif_05_violin.svg
motif_05_violin_0303.svg	projects/our_multiregion_motif/outputs/figures/motif_05_violin_0303.svg
motif_06_box_ttest.png	projects/our_multiregion_motif/outputs/figures/motif_06_box_ttest.png
motif_06_violin.svg	projects/our_multiregion_motif/outputs/figures/motif_06_violin.svg
motif_06_violin_0303.svg	projects/our_multiregion_motif/outputs/figures/motif_06_violin_0303.svg
motif_07_box_ttest.png	projects/our_multiregion_motif/outputs/figures/motif_07_box_ttest.png
motif_07_violin.svg	projects/our_multiregion_motif/outputs/figures/motif_07_violin.svg
motif_07_violin_0303.svg	projects/our_multiregion_motif/outputs/figures/motif_07_violin_0303.svg
motif_08_box_ttest.png	projects/our_multiregion_motif/outputs/figures/motif_08_box_ttest.png
motif_08_violin.svg	projects/our_multiregion_motif/outputs/figures/motif_08_violin.svg
motif_08_violin_0303.svg	projects/our_multiregion_motif/outputs/figures/motif_08_violin_0303.svg
motif_09_box_ttest.png	projects/our_multiregion_motif/outputs/figures/motif_09_box_ttest.png
motif_09_violin.svg	projects/our_multiregion_motif/outputs/figures/motif_09_violin.svg
motif_09_violin_0303.svg	projects/our_multiregion_motif/outputs/figures/motif_09_violin_0303.svg
motif_10_box_ttest.png	projects/our_multiregion_motif/outputs/figures/motif_10_box_ttest.png
motif_10_violin.svg	projects/our_multiregion_motif/outputs/figures/motif_10_violin.svg
motif_10_violin_0303.svg	projects/our_multiregion_motif/outputs/figures/motif_10_violin_0303.svg
motif_11_box_ttest.png	projects/our_multiregion_motif/outputs/figures/motif_11_box_ttest.png
motif_11_violin.svg	projects/our_multiregion_motif/outputs/figures/motif_11_violin.svg
motif_11_violin_0303.svg	projects/our_multiregion_motif/outputs/figures/motif_11_violin_0303.svg
motif_12_box_ttest.png	projects/our_multiregion_motif/outputs/figures/motif_12_box_ttest.png
motif_12_violin.svg	projects/our_multiregion_motif/outputs/figures/motif_12_violin.svg
motif_12_violin_0303.svg	projects/our_multiregion_motif/outputs/figures/motif_12_violin_0303.svg
motif_13_box_ttest.png	projects/our_multiregion_motif/outputs/figures/motif_13_box_ttest.png
motif_13_violin.svg	projects/our_multiregion_motif/outputs/figures/motif_13_violin.svg
motif_13_violin_0303.svg	projects/our_multiregion_motif/outputs/figures/motif_13_violin_0303.svg
motif_MOp_related_clones.csv	projects/clone_motif/data/raw/motif_MOp_related_clones.csv
motif_MOp_related_clones_L2norm.csv	projects/clone_motif/data/raw/motif_MOp_related_clones_L2norm.csv
motif_count_clone_real_vs_er.svg	projects/clone_motif/outputs/figures/motif_count_clone_real_vs_er.svg
motif_count_clone_real_vs_er_log.svg	projects/clone_motif/outputs/figures/motif_count_clone_real_vs_er_log.svg
motif_count_ion_real_vs_er.svg	projects/our_multiregion_motif/outputs/figures/motif_count_ion_real_vs_er.svg
motif_count_ion_real_vs_er_log.svg	projects/our_multiregion_motif/outputs/figures/motif_count_ion_real_vs_er_log.svg
motif_frequency_clone_real_vs_er_log.svg	projects/clone_motif/outputs/figures/motif_frequency_clone_real_vs_er_log.svg
motif_frequency_comparison_clone_ion.svg	projects/clone_motif/outputs/figures/motif_frequency_comparison_clone_ion.svg
motif_frequency_er_comparison_clone_ion.svg	projects/clone_motif/outputs/figures/motif_frequency_er_comparison_clone_ion.svg
motif_frequency_ion_real_vs_er_log.svg	projects/our_multiregion_motif/outputs/figures/motif_frequency_ion_real_vs_er_log.svg
motif_prop_M1-6.svg	projects/our_multiregion_motif/outputs/figures/motif_prop_M1-6.svg
motif_prop_M13.svg	projects/our_multiregion_motif/outputs/figures/motif_prop_M13.svg
motif_prop_M7-13.svg	projects/our_multiregion_motif/outputs/figures/motif_prop_M7-13.svg
motif_prop_M9-12.svg	projects/our_multiregion_motif/outputs/figures/motif_prop_M9-12.svg
motif_real_split_within_between_by_region.svg	projects/our_multiregion_motif/outputs/figures/motif_real_split_within_between_by_region.svg
motif_split_within_between_percent_M01_M04.svg	projects/our_multiregion_motif/outputs/figures/motif_split_within_between_percent_M01_M04.svg
motif_split_within_between_percent_M05_M08.svg	projects/our_multiregion_motif/outputs/figures/motif_split_within_between_percent_M05_M08.svg
motif_split_within_between_percent_M09_M12.svg	projects/our_multiregion_motif/outputs/figures/motif_split_within_between_percent_M09_M12.svg
motif_split_within_between_percent_M13_M13.svg	projects/our_multiregion_motif/outputs/figures/motif_split_within_between_percent_M13_M13.svg
motif_violin_all_in_one.svg	projects/our_multiregion_motif/outputs/figures/motif_violin_all_in_one.svg
motif_within_between_percent_of_total_M01_M04.svg	projects/our_multiregion_motif/outputs/figures/motif_within_between_percent_of_total_M01_M04.svg
motif_within_between_percent_of_total_M05_M08.svg	projects/our_multiregion_motif/outputs/figures/motif_within_between_percent_of_total_M05_M08.svg
motif_within_between_percent_of_total_M09_M12.svg	projects/our_multiregion_motif/outputs/figures/motif_within_between_percent_of_total_M09_M12.svg
motif_within_between_percent_of_total_M13_M13.svg	projects/our_multiregion_motif/outputs/figures/motif_within_between_percent_of_total_M13_M13.svg
motif_within_between_proportion_by_region.svg	projects/our_multiregion_motif/outputs/figures/motif_within_between_proportion_by_region.svg
nodes_edges_by_region_5um_thr0.1.csv	projects/our_multiregion_motif/data/raw/nodes_edges_by_region_5um_thr0.1.csv
region_neuron_summary.csv	projects/our_multiregion_motif/data/raw/region_neuron_summary.csv
ttest_motif_PFC_MOp_MOs.csv	projects/our_multiregion_motif/data/raw/ttest_motif_PFC_MOp_MOs.csv
uni_bi_all.svg	projects/clone_motif/outputs/figures/uni_bi_all.svg
uni_bi_between_23_56.svg	projects/clone_motif/outputs/figures/uni_bi_between_23_56.svg
uni_bi_within_23.svg	projects/clone_motif/outputs/figures/uni_bi_within_23.svg
uni_bi_within_56.svg	projects/clone_motif/outputs/figures/uni_bi_within_56.svg
wb_alltype_sc_results_dict_with_NZ_ES_norm.pkl	projects/our_multiregion_motif/data/raw/wb_alltype_sc_results_dict_with_NZ_ES_norm.pkl
wb_alltype_sc_subset_names_zj_1_10_42_1209.npy	projects/our_multiregion_motif/data/raw/wb_alltype_sc_subset_names_zj_1_10_42_1209.npy
wb_alltype_sc_subset_names_zj_1_2.5_42_1209.npy	projects/our_multiregion_motif/data/raw/wb_alltype_sc_subset_names_zj_1_2.5_42_1209.npy
wb_alltype_sc_subset_names_zj_1_2_42_1110.npy	projects/our_multiregion_motif/data/raw/wb_alltype_sc_subset_names_zj_1_2_42_1110.npy
wb_alltype_sc_subset_names_zj_1_2_42_1203.npy	projects/our_multiregion_motif/data/raw/wb_alltype_sc_subset_names_zj_1_2_42_1203.npy
wb_alltype_sc_subset_names_zj_1_2_42_1209.npy	projects/our_multiregion_motif/data/raw/wb_alltype_sc_subset_names_zj_1_2_42_1209.npy
wb_alltype_sc_subset_names_zj_1_3_42_1110.npy	projects/our_multiregion_motif/data/raw/wb_alltype_sc_subset_names_zj_1_3_42_1110.npy
wb_alltype_sc_subset_names_zj_1_3_42_1209.npy	projects/our_multiregion_motif/data/raw/wb_alltype_sc_subset_names_zj_1_3_42_1209.npy
wb_alltype_sc_subset_names_zj_1_5_42_1110.npy	projects/our_multiregion_motif/data/raw/wb_alltype_sc_subset_names_zj_1_5_42_1110.npy
wb_alltype_sc_subset_names_zj_1_5_42_1209.npy	projects/our_multiregion_motif/data/raw/wb_alltype_sc_subset_names_zj_1_5_42_1209.npy
wb_alltype_sc_subset_zj_1_10_42_1209.npy	projects/our_multiregion_motif/data/raw/wb_alltype_sc_subset_zj_1_10_42_1209.npy
wb_alltype_sc_subset_zj_1_2.5_42_1209.npy	projects/our_multiregion_motif/data/raw/wb_alltype_sc_subset_zj_1_2.5_42_1209.npy
wb_alltype_sc_subset_zj_1_2_42_1110.npy	projects/our_multiregion_motif/data/raw/wb_alltype_sc_subset_zj_1_2_42_1110.npy
wb_alltype_sc_subset_zj_1_2_42_1203.npy	projects/our_multiregion_motif/data/raw/wb_alltype_sc_subset_zj_1_2_42_1203.npy
wb_alltype_sc_subset_zj_1_2_42_1209.npy	projects/our_multiregion_motif/data/raw/wb_alltype_sc_subset_zj_1_2_42_1209.npy
wb_alltype_sc_subset_zj_1_3_42_1110.npy	projects/our_multiregion_motif/data/raw/wb_alltype_sc_subset_zj_1_3_42_1110.npy
wb_alltype_sc_subset_zj_1_3_42_1209.npy	projects/our_multiregion_motif/data/raw/wb_alltype_sc_subset_zj_1_3_42_1209.npy
wb_alltype_sc_subset_zj_1_5_42_1110.npy	projects/our_multiregion_motif/data/raw/wb_alltype_sc_subset_zj_1_5_42_1110.npy
wb_alltype_sc_subset_zj_1_5_42_1209.npy	projects/our_multiregion_motif/data/raw/wb_alltype_sc_subset_zj_1_5_42_1209.npy
归档.zip	projects/our_multiregion_motif/outputs/archives/归档.zip
